Guideline,p-value,Significant (p<0.05)
Code of Conduct,0.0,True
Respect Project Maintainers,0.0,True
Fork and Clone the Repository,0.0,True
Submit Pull Requests,0.0,True
Use Clear and Descriptive Commit Messages,0.0,True
Create Feature Branches,0.0,True
Write Automated Tests,0.0,True
Follow Code Style Guidelines,0.0,True
Document Your Changes,0.0,True
Update Documentation,0.0,True
Engage in Code Reviews,0.00073,True
Report Issues,0.00165,True
Review and Address Feedback,0.00519,True
Sign Contributor License Agreement (CLA),0.07924,False
Engage with Community,0.10949,False
